{"name":"81dfdf14-fd8c-44ee-8c64-9b97d089faab","id":"/providers/Microsoft.Flow/flows/81dfdf14-fd8c-44ee-8c64-9b97d089faab","type":"Microsoft.Flow/flows","properties":{"apiId":"/providers/Microsoft.PowerApps/apis/shared_logicflows","displayName":"LEDControlApps","definition":{"metadata":{"workflowEntityId":null,"processAdvisorMetadata":null,"flowclientsuspensionreason":"None","flowclientsuspensiontime":null,"creator":{"id":"38ce5170-4829-406c-8c49-25454ccc992a","type":"User","tenantId":"72f988bf-86f1-41af-91ab-2d7cd011db47"},"provisioningMethod":"FromDefinition","failureAlertSubscription":true,"clientLastModifiedTime":"2021-07-26T15:09:07.5598832Z"},"$schema":"https://schema.management.azure.com/providers/Microsoft.Logic/schemas/2016-06-01/workflowdefinition.json#","contentVersion":"1.0.0.0","parameters":{"$connections":{"defaultValue":{},"type":"Object"},"$authentication":{"defaultValue":{},"type":"SecureObject"}},"triggers":{"manual":{"type":"Request","kind":"PowerApp","inputs":{"schema":{"type":"object","properties":{"Executeadevicecommand_Device":{"type":"string","description":"Unique ID of the device.","x-ms-powerflows-param-ispartial":false},"Executeadevicecommand_ledstate":{"type":"string","x-ms-powerflows-param-ispartial":false}},"required":["Executeadevicecommand_Device","Executeadevicecommand_ledstate"]}}}},"actions":{"Execute_a_device_command":{"runAfter":{},"type":"OpenApiConnection","inputs":{"host":{"apiId":"/providers/Microsoft.PowerApps/apis/shared_azureiotcentral","connectionName":"shared_azureiotcentral","operationId":"Devices_ExecuteComponentCommand"},"parameters":{"application":"c836d21f-36a1-4491-975d-d65f2ab7bfc9","device_id":"@triggerBody()['Executeadevicecommand_Device']","component_name":"foraSpo24g6","command_name":"ledcmd","instanceOf":"dtmi:modelDefinition:yozhulrs0:itwrwd0teq","body/request":"@triggerBody()['Executeadevicecommand_ledstate']"},"authentication":{"value":"@json(decodeBase64(triggerOutputs().headers['X-MS-APIM-Tokens']))['$ConnectionKey']","type":"Raw"}}}},"outputs":{},"description":"建立一或多個當 Power Apps 中的連結或按鈕已選取時，要發生的動作。若要從 Power Apps 使用此流程，請選取您想用來觸發流程的控制項，並前往 Power Apps 功能區中的 [動作] 索引標籤並選取 [流程]。"},"connectionReferences":{"shared_azureiotcentral":{"connectionName":"shared-azureiotcentr-05e19ecf-aa11-4cfa-973a-ba1e-47d54640","source":"Invoker","id":"/providers/Microsoft.PowerApps/apis/shared_azureiotcentral","tier":"NotSpecified"}},"flowFailureAlertSubscribed":false}}