{"schemaVersion":"1.0","appDefinitionTemplate":{"id":"/providers/Microsoft.PowerApps/apps/","type":"Microsoft.PowerApps/apps","tags":{"primaryDeviceWidth":"640","primaryDeviceHeight":"1136","sienaVersion":"c8e606ae-5105-487d-852e-deb91a3b29c1","deviceCapabilities":"","supportsPortrait":"true","supportsLandscape":"true","primaryFormFactor":"Phone","publisherVersion":"3.21073.16","minimumRequiredApiVersion":"2.2.0","hasComponent":"false","hasUnlockedComponent":"false","isUnifiedRootApp":"false"},"properties":{"appVersion":"2021-07-26T10:35:54Z","lifeCycleId":"Published","createdByClientVersion":{"major":3,"minor":21073,"build":16,"revision":0,"majorRevision":0,"minorRevision":0},"minClientVersion":{"major":3,"minor":21073,"build":16,"revision":0,"majorRevision":0,"minorRevision":0},"backgroundColor":"rgba(0, 176, 240, 1)","backgroundImageUri":"/834772176823210479/N129bc57c-d96b-4c60-97ac-279b0e2b5b17-logoSmallFile","displayName":"iotpower","description":"IoT Central Control","commitMessage":"","appUris":{"documentUri":{"value":"/834772176823210479/N3935b202-1c04-4d1c-8133-b6c0f8a59993-document.msapp"},"imageUris":[]},"createdTime":"0001-01-01T00:00:00Z","lastModifiedTime":"0001-01-01T00:00:00Z","sharedGroupsCount":0,"sharedUsersCount":0,"icons":{"smallIconUri":"/834772176823210479/N8dcd997f-eee9-49f3-8b5d-926624f138ba-small.png","mediumIconUri":"/834772176823210479/Nc7617315-2115-445a-8ebb-6f82e0e7ddd8-medium.png","largeIconUri":"/834772176823210479/N02114f59-3851-4ee7-9bb1-5d2845359dfe-large.png","wideIconUri":"/834772176823210479/Ne91f9a02-1afc-4ca3-89c7-5b141556981a-wide.png"},"connectionReferences":{"d8ee2f6f-a26b-4096-b5d7-7beb91f8dc2c":{"id":"3651e440-9ea8-40a6-87f6-b913c4af6ace","displayName":"Azure IoT Central V3","iconUri":"https://connectoricons-prod.azureedge.net/releases/v1.0.1461/1.0.1461.2397/azureiotcentral/icon.png","dataSources":["AzureIoTCentralV3"],"dependencies":[],"dependents":[],"parameterHints":{},"parameterHintsV2":{},"isOnPremiseConnection":false,"dataSets":{},"apiTier":"Premium","isCustomApiConnection":false,"actions":["DevicesGet"]}},"databaseReferences":{},"almMode":"Environment","performanceOptimizationEnabled":true,"canConsumeAppPass":true,"executionRestrictions":{"isTeamsOnly":false,"dataLossPreventionEvaluationResult":{"status":"Compliant","lastEvaluationDate":"2021-07-26T10:36:11.4189859Z","violations":[],"violationsByPolicy":[],"violationErrorMessage":"應用程式使用下列連接器: shared_azureiotcentral。"}}},"appType":"ClassicCanvasApp","appComponents":[]}}