{"schemaVersion":"1.0","appDefinitionTemplate":{"id":"/providers/Microsoft.PowerApps/apps/","type":"Microsoft.PowerApps/apps","tags":{"primaryDeviceWidth":"640","primaryDeviceHeight":"1136","sienaVersion":"20210819T160235Z-3.21083.18.0","deviceCapabilities":"","supportsPortrait":"true","supportsLandscape":"true","primaryFormFactor":"Phone","publisherVersion":"3.21083.18","minimumRequiredApiVersion":"2.2.0","hasComponent":"false","hasUnlockedComponent":"false","isUnifiedRootApp":"false"},"properties":{"appVersion":"2021-08-19T16:02:35Z","lifeCycleId":"Published","createdByClientVersion":{"major":3,"minor":21083,"build":18,"revision":0,"majorRevision":0,"minorRevision":0},"minClientVersion":{"major":3,"minor":21083,"build":18,"revision":0,"majorRevision":0,"minorRevision":0},"backgroundColor":"rgba(0, 176, 240, 1)","backgroundImageUri":"/12818159305337669759/N03daf18d-16fe-4c69-b516-3cac3d6ac482-logoSmallFile","displayName":"iotpower0820-demo","description":"IoT Central Control","commitMessage":"","appUris":{"documentUri":{"value":"/12818159305337669759/Nf77030c9-c5a3-49c0-bc6b-e4d0aad0677e-document.msapp"},"imageUris":[]},"createdTime":"0001-01-01T00:00:00Z","lastModifiedTime":"0001-01-01T00:00:00Z","sharedGroupsCount":0,"sharedUsersCount":0,"icons":{"smallIconUri":"/12818159305337669759/N7e4f006e-92a8-4acc-a77b-0c32652fac46-small.png","mediumIconUri":"/12818159305337669759/Na5e16427-899c-4ff5-84d4-66c75271edd6-medium.png","largeIconUri":"/12818159305337669759/N166a51ef-218c-45db-be4d-c54ba6c67f63-large.png","wideIconUri":"/12818159305337669759/N56b9e9c8-bc0a-4c25-81b3-1412de4c4720-wide.png"},"connectionReferences":{"d8ee2f6f-a26b-4096-b5d7-7beb91f8dc2c":{"id":"3651e440-9ea8-40a6-87f6-b913c4af6ace","displayName":"Azure IoT Central V3","iconUri":"https://connectoricons-prod.azureedge.net/releases/v1.0.1461/1.0.1461.2397/azureiotcentral/icon.png","dataSources":["AzureIoTCentralV3"],"dependencies":[],"dependents":["9f18a639-1ed8-4c9a-88b5-88d05bbc8fd6"],"parameterHints":{},"parameterHintsV2":{},"isOnPremiseConnection":false,"bypassConsent":false,"dataSets":{},"apiTier":"Premium","isCustomApiConnection":false,"actions":["DevicesGetProperties","DevicesGet","DevicesGetCloudProperties"]},"9f18a639-1ed8-4c9a-88b5-88d05bbc8fd6":{"id":"44c16b51-4e8e-4ffc-ae1b-7242ebba3607","displayName":"Logic flows","iconUri":"https://connectoricons-prod.azureedge.net/releases/v1.0.1438/1.0.1438.2324/logicflows/icon.png","dataSources":["PowerApps按鈕"],"dependencies":["d8ee2f6f-a26b-4096-b5d7-7beb91f8dc2c"],"dependents":[],"parameterHints":{"workflowName":{"value":"d0ee70e2-b38b-4e3f-83f9-d660c47ea622"},"workflowEntityId":{},"d8ee2f6f-a26b-4096-b5d7-7beb91f8dc2c":{"value":"shared_azureiotcentral"}},"parameterHintsV2":{"workflowName":{"value":"d0ee70e2-b38b-4e3f-83f9-d660c47ea622"},"workflowEntityId":{},"shared_azureiotcentral":{"value":"d8ee2f6f-a26b-4096-b5d7-7beb91f8dc2c"}},"isOnPremiseConnection":false,"bypassConsent":false,"dataSets":{},"apiTier":"Standard","isCustomApiConnection":false,"actions":["Run"]}},"databaseReferences":{},"almMode":"Environment","performanceOptimizationEnabled":true,"canConsumeAppPass":true,"executionRestrictions":{"isTeamsOnly":false,"dataLossPreventionEvaluationResult":{"status":"Compliant","lastEvaluationDate":"2021-07-26T10:36:11.4189859Z","violations":[],"violationsByPolicy":[],"violationErrorMessage":"應用程式使用下列連接器: shared_azureiotcentral。"}}},"appType":"ClassicCanvasApp","appComponents":[]}}